<?xml version="1.0" encoding="UTF-8"?>
<beans xmlns="http://www.springframework.org/schema/beans"
	xmlns:xsi="http://www.w3.org/2001/XMLSchema-instance"
	xmlns:ctx="http://www.springframework.org/schema/context"
	xsi:schemaLocation="http://www.springframework.org/schema/beans 
	http://www.springframework.org/schema/beans/spring-beans-2.5.xsd
	http://www.springframework.org/schema/context
	http://www.springframework.org/schema/context/spring-context-2.5.xsd ">
	
	<ctx:annotation-config></ctx:annotation-config>
	<ctx:component-scan base-package="com.cognizant.*"></ctx:component-scan>
	
	
	<bean class="org.springframework.web.servlet.view.InternalResourceViewResolver">
	<property name="prefix" value="/WEB-INF/jsp/"></property>
	<property name="suffix" value=".jsp"></property>
	</bean>
	
	<!-- <bean id="propertyplaceholder" class="org.springframework.beans.factory.config.PropertyPlaceholderConfigurer">
	<property name="location" value="classpath:dbInfo.properties"></property>
	</bean> -->
	
	<bean id="messageSource" class="org.springframework.context.support.ReloadableResourceBundleMessageSource">
	<property name="basenames">
	<list>
	<value>
	WEB-INF/resources/error
	</value>
	</list>
	</property>
	</bean>
	
	<bean id="drivermanagerdatasource" 
      class="org.springframework.jdbc.datasource.DriverManagerDataSource">
      <property name="driverClassName" value="oracle.jdbc.OracleDriver"/>
      <property name="url" value="jdbc:oracle:thin:@10.155.109.186:1521:XE"/>
      <property name="username" value="amsuser"/>
      <property name="password" value="amsuser"/>
      </bean>
      
      <bean id="hibernate3AnnotatedSessionFactory"
		class="org.springframework.orm.hibernate3.annotation.AnnotationSessionFactoryBean">
		<property name="dataSource" ref="drivermanagerdatasource" />
		<property name="annotatedClasses">
			<list>
				<value>com.cognizant.entity.Manager</value>				
			</list>
		</property>
		<property name="hibernateProperties">
			<props>
				<prop key="hibernate.dialect">org.hibernate.dialect.OracleDialect</prop>
				<prop key="hibernate.current_session_context_class">thread</prop>
				<prop key="hibernate.show_sql">true</prop>
				<prop key="hibernate.format_sql">true</prop>
				<prop key="hibernate.hbm2ddl.auto">update</prop>
			</props>
		</property>
	</bean>
	
	</beans>